Pressure_kPa,Voltage_V
0.9916736365839677,0.9916736365839675
0.49328925894562786,0.4932892589456277
0.15130363050830337,0.15130363050830337
0.4779834323114804,0.4779834323114802
0.7295832404926536,0.7295832404926536
0.10739412499055657,0.10739412499055653
0.8085874340782684,0.808587434078268
0.12187801582851167,0.12187801582851165
0.5696740685360406,0.5696740685360405
0.11182537323976742,0.11182537323976738
0.5190331927375916,0.5190331927375915
0.21058951005211457,0.2105895100521145
0.2765558312114646,0.27655583121146454
0.2704589903053377,0.2704589903053377
0.11196894003927531,0.11196894003927527
0.2765500931693851,0.27655009316938506
0.6279816694835381,0.6279816694835381
0.8584037093084222,0.8584037093084222
0.4798773195665829,0.47987731956658286
0.04932433534887752,0.049324335348877535
0.6620080071247257,0.6620080071247256
0.84837780156141,0.8483778015614098
0.9464122123687678,0.9464122123687678
0.09236690129103255,0.09236690129103253
0.0605423276120204,0.060542327612020386
0.0645245267558628,0.06452452675586279
0.8624846006608574,0.862484600660857
0.2626923307395103,0.26269233073951015
0.9582558441686625,0.9582558441686625
0.17182447009920376,0.17182447009920362
0.2242920269065105,0.22429202690651043
0.17351685464810013,0.17351685464810004
0.2604968742467128,0.26049687424671275
0.648365557357087,0.6483655573570869
0.42802000548007274,0.4280200054800728
0.11436467266183244,0.1143646726618324
0.5916003498118894,0.5916003498118895
0.8361684929323467,0.8361684929323466
0.17912153633549344,0.17912153633549335
0.892486831460966,0.8924868314609657
0.18936891626990116,0.18936891626990113
0.6768305855593808,0.6768305855593807
0.40431333661492713,0.40431333661492697
0.7357820296094085,0.7357820296094084
0.36355147929448584,0.3635514792944857
0.6262556663699725,0.6262556663699727
0.1352957496185208,0.13529574961852078
0.834740715066481,0.8347407150664808
0.329624333321308,0.3296243333213079
0.10601876742032083,0.10601876742032076
0.5112886457866508,0.5112886457866508
0.5644546516542917,0.5644546516542917
0.8647554449738376,0.8647554449738374
0.5844465420445112,0.5844465420445112
0.7069201245946565,0.7069201245946564
0.9441731796693592,0.9441731796693592
0.45598322188491386,0.4559832218849137
0.29296929193774285,0.2929692919377428
0.5277553242285764,0.5277553242285764
0.9599855715191713,0.9599855715191711
0.3050835756117842,0.3050835756117841
0.3876473785494708,0.3876473785494706
0.30333086645205537,0.3033308664520553
0.7200462425728373,0.7200462425728371
0.6907997455130792,0.6907997455130791
0.9327463318579717,0.932746331857972
0.8453817931941751,0.845381793194175
0.9859943691854048,0.9859943691854046
0.23214595935276472,0.23214595935276464
0.7209107018684681,0.720910701868468
0.8122284909206052,0.8122284909206052
0.36280618799320086,0.36280618799320075
0.04843927228492255,0.048439272284922535
0.5614340249346887,0.5614340249346886
0.24963445885368618,0.24963445885368604
0.44602908626030197,0.4460290862603018
0.8352851359662247,0.8352851359662244
0.998158878604681,0.9981588786046808
0.993109201775502,0.9931092017755018
0.38581810467415545,0.38581810467415534
0.051148648215796025,0.05114864821579601
0.602884191826827,0.6028841918268268
0.5773569826696155,0.5773569826696153
0.19028773875192834,0.1902877387519283
0.24552090894493472,0.24552090894493464
0.6175609032593373,0.6175609032593372
0.8344884907105132,0.8344884907105132
0.25783927986217625,0.25783927986217625
0.12246102880888639,0.1224610288088864
0.6328848166333602,0.6328848166333602
0.009713243754023423,0.009713243754023423
0.26106394700489566,0.26106394700489555
0.3219529463112104,0.3219529463112103
0.8446413662325543,0.844641366232554
0.1253550164026081,0.12535501640260807
0.9365149841939254,0.9365149841939252
0.2614587723684086,0.26145877236840853
0.4946368386009871,0.49463683860098695
0.5488543255551059,0.5488543255551058
0.4089749187513276,0.4089749187513273
0.5388448915675176,0.5388448915675176
0.42738565338616225,0.4273856533861621
0.5235758192492805,0.5235758192492805
0.5539148157609284,0.5539148157609285
0.10685188517128812,0.1068518851712881
0.18952842074174225,0.18952842074174217
0.8390600915282878,0.8390600915282876
0.9624361212229863,0.962436121222986
0.8341448640091641,0.834144864009164
0.46085450764627284,0.4608545076462728
0.780376816344775,0.7803768163447748
0.813123911985611,0.8131239119856108
0.7404725817586132,0.7404725817586132
0.37807948284270476,0.37807948284270465
0.5321021462318549,0.5321021462318548
0.20635090559650626,0.20635090559650623
0.016032100472013727,0.016032100472013727
0.5706397514431566,0.5706397514431564
0.05259355391326305,0.052593553913263064
0.7011369513905295,0.7011369513905293
0.950136601994784,0.9501366019947838
0.3264147102329474,0.3264147102329472
0.9772317113489276,0.9772317113489278
0.2662908243090155,0.2662908243090155
0.35285485216992374,0.3528548521699236
0.664131686159189,0.6641316861591889
0.4748495892953109,0.47484958929531085
0.2154168448339009,0.21541684483390075
0.2802339687581101,0.28023396875811
0.6563465793823073,0.6563465793823073
0.06579660788702564,0.06579660788702563
0.8747916954100052,0.8747916954100053
0.16445104901842822,0.1644510490184282
0.44044747934582357,0.4404474793458235
0.4272270218798943,0.42722702187989414
0.9253507600758318,0.9253507600758316
0.3980523342030539,0.39805233420305375
0.9719632602262661,0.9719632602262659
0.22858344341457892,0.22858344341457895
0.9094326395201499,0.9094326395201496
0.36957406404432463,0.36957406404432447
0.30767952520703595,0.3076795252070359
0.7004866192023568,0.7004866192023568
0.2248347983626126,0.22483479836261253
0.5086950477310158,0.5086950477310159
0.3525324607676799,0.35253246076767997
0.6101182118751041,0.6101182118751041
0.15566149119745526,0.15566149119745518
0.46915625178521975,0.46915625178521947
0.745666629536424,0.745666629536424
0.675259391912608,0.6752593919126081
0.8247334368469091,0.824733436846909
0.016505271701076032,0.016505271701076032
0.3441543214173339,0.3441543214173338
0.774117371765771,0.7741173717657708
0.42263435401463484,0.42263435401463467
0.3402211352680073,0.3402211352680071
0.26139079145478294,0.26139079145478294
0.28285976671576335,0.2828597667157633
0.019006171533344413,0.019006171533344413
0.15373415066133816,0.1537341506613382
0.47414070823629567,0.4741407082362954
0.5631653211252897,0.5631653211252897
0.5298045574987772,0.5298045574987772
0.4027506057289559,0.4027506057289557
0.10919251619908467,0.10919251619908465
0.19978986282146705,0.19978986282146696
0.7341166800406635,0.7341166800406634
0.8594247355168767,0.8594247355168766
0.6384864593084065,0.6384864593084065
0.8187181727920588,0.8187181727920588
0.8826339217735134,0.8826339217735132
0.70868435997821,0.7086843599782098
0.027354931664535245,0.02735493166453526
0.2779079664200166,0.2779079664200165
0.5074695646504624,0.5074695646504623
0.23982130702246557,0.23982130702246549
0.7818464924257511,0.781846492425751
0.6988799455536936,0.6988799455536935
0.3522655232277907,0.3522655232277905
0.07735242695241364,0.07735242695241362
0.4970886540557558,0.49708865405575575
0.4348386434948845,0.4348386434948843
0.9745798537577556,0.9745798537577554
0.834309019028096,0.834309019028096
0.7707832262997941,0.770783226299794
0.5998845308535007,0.5998845308535006
0.7523910536315881,0.7523910536315881
0.7385018627998565,0.7385018627998565
0.30025596121094206,0.300255961210942
0.9867783142521988,0.9867783142521988
0.9555004312546692,0.9555004312546692
0.2730469941221507,0.2730469941221506
0.9996593757996418,0.9996593757996416
0.6298108993466722,0.6298108993466721
0.2656222094658344,0.26562220946583437
0.5006131280943552,0.5006131280943551
0.3797917901669559,0.37979179016695586
0.8474075022390357,0.8474075022390356
0.1370772469001566,0.1370772469001566
0.43446293548125686,0.4344629354812568
0.4079675831997615,0.40796758319976145
0.12533198296474035,0.12533198296474032
0.569854101024917,0.569854101024917
0.12352514740814656,0.12352514740814655
0.7973336559792129,0.7973336559792127
0.39829605401820445,0.39829605401820434
0.4642172289766851,0.46421722897668494
0.9940108933801187,0.9940108933801185
0.25226750578256235,0.2522675057825622
0.5863101517640658,0.5863101517640658
0.18301394972556734,0.18301394972556725
0.4770585715699827,0.47705857156998255
0.5287240274103511,0.5287240274103511
0.8992434920677393,0.8992434920677391
0.9337035937636077,0.9337035937636075
0.5364610756657134,0.5364610756657133
0.6732725840624848,0.6732725840624848
0.290102806103552,0.290102806103552
0.6278946171801268,0.6278946171801266
0.6971538421005969,0.6971538421005968
0.5076015381084795,0.5076015381084794
0.3866643383571246,0.38666433835712455
0.1504679375733366,0.1504679375733366
0.019579512920868805,0.01957951292086882
0.12688081313696403,0.12688081313696398
0.14565451582980465,0.14565451582980463
0.02026901429929394,0.02026901429929394
0.6318688354597461,0.631868835459746
0.7532161933631456,0.7532161933631456
0.35630321955119226,0.35630321955119215
0.5518593707657171,0.5518593707657171
0.053957060658303566,0.05395706065830355
0.5066594085434147,0.5066594085434147
0.8274871340120726,0.8274871340120723
0.09944469115783418,0.09944469115783414
0.3071553845336319,0.3071553845336318
0.9420278315897427,0.9420278315897425
0.36285464769233566,0.36285464769233566
0.7657861864673494,0.7657861864673495
0.5632841367477824,0.5632841367477824
0.813231565754781,0.8132315657547807
0.22042133127498365,0.22042133127498362
0.797915809646756,0.797915809646756
0.33292623359111106,0.33292623359111095
0.8679885990011453,0.8679885990011451
0.32329023088578024,0.3232902308857801
0.4783563664861254,0.47835636648612523
0.8559603982083861,0.855960398208386
0.9492808749643552,0.9492808749643548
0.6341439730112002,0.6341439730112002
0.8592214006239293,0.8592214006239294
0.4041728402124086,0.4041728402124085
0.41146383644260515,0.411463836442605
0.6988620774852433,0.6988620774852433
0.7669891003376986,0.7669891003376985
0.6699937165726064,0.6699937165726063
0.6878057743981199,0.6878057743981199
0.3883081485690066,0.38830814856900664
0.5620185584586024,0.5620185584586024
0.22019437809962472,0.22019437809962464
0.9298962844546063,0.9298962844546063
0.45789792025004256,0.4578979202500424
0.17323226369220784,0.17323226369220782
0.39672702288134765,0.39672702288134754
0.824813205720095,0.8248132057200951
0.08460889553088598,0.08460889553088594
0.8644068861855848,0.8644068861855847
0.036248561423751116,0.0362485614237511
0.8466054233681448,0.8466054233681447
0.2635046440641004,0.26350464406410035
0.15675274522846394,0.15675274522846386
0.8686573641806771,0.868657364180677
0.5132476465335076,0.5132476465335076
0.31430091126814325,0.3143009112681432
0.6887814784702482,0.6887814784702481
0.3611255688960666,0.3611255688960665
0.712665758989674,0.7126657589896739
0.5113034246097296,0.5113034246097296
0.20269086746549364,0.20269086746549356
0.21526035788628173,0.2152603578862816
0.1138734122536542,0.11387341225365416
0.16500126712103086,0.16500126712103083
0.29269183265419957,0.2926918326541995
0.13819443077614268,0.13819443077614268
0.16144531835888204,0.161445318358882
0.7290433139167323,0.7290433139167322
0.8883760550230421,0.888376055023042
0.8989578801777457,0.8989578801777457
0.9771989126582551,0.9771989126582551
0.30733112343568103,0.3073311234356809
0.48110862227367107,0.4811086222736709
0.6689063294213017,0.6689063294213017
0.863411658537107,0.863411658537107
0.16948945593329362,0.1694894559332936
0.9412272913281411,0.9412272913281413
0.588378373965862,0.5883783739658619
0.2698716222490678,0.2698716222490678
0.4510636758765472,0.45106367587654705
0.8687824321230548,0.8687824321230547
0.9296778979127877,0.9296778979127874
0.6747995838945077,0.6747995838945076
0.14332274858565575,0.14332274858565575
0.4467337436896775,0.44673374368967744
0.5421498280227163,0.5421498280227163
0.9588561024768766,0.9588561024768764
0.34449134068968634,0.34449134068968623
0.6209738318718737,0.6209738318718737
0.5075344521354148,0.5075344521354149
0.2758812369857912,0.27588123698579115
0.72212091736913,0.72212091736913
0.5365892749727089,0.5365892749727088
0.48884003495748435,0.4888400349574842
0.7897637446621778,0.7897637446621777
0.8542878749743159,0.8542878749743158
0.5510977955464463,0.5510977955464463
0.3067989289218813,0.3067989289218811
0.201963504310603,0.20196350431060298
0.4361084761035329,0.43610847610353276
0.15636346713797317,0.15636346713797314
0.768332766237707,0.7683327662377067
0.5990510564281076,0.5990510564281075
0.862633319060421,0.8626333190604211
0.5213269603116857,0.5213269603116856
0.37729471276137194,0.37729471276137183
0.19378715644423733,0.19378715644423725
0.5290425267829874,0.5290425267829872
0.9805811993719223,0.9805811993719223
0.30582297810196485,0.3058229781019648
0.7200789493191471,0.7200789493191471
0.5278727079629671,0.5278727079629671
0.6266129864790525,0.6266129864790524
0.3916359306715906,0.3916359306715904
0.6164169531713938,0.6164169531713938
0.1871291008153178,0.18712910081531778
0.13627726183154532,0.1362772618315453
0.3695645585440138,0.3695645585440137
0.6967064474434819,0.6967064474434819
0.3199064987421083,0.3199064987421082
0.9108731247026881,0.9108731247026881
0.30444340635781264,0.30444340635781253
0.8807305999750121,0.8807305999750121
0.35266011522967244,0.35266011522967233
0.7191425733658269,0.7191425733658269
0.9499552146943578,0.9499552146943576
0.6825219822873384,0.6825219822873383
0.8957978239857851,0.8957978239857849
0.10269741025783076,0.10269741025783075
0.6723653681996092,0.6723653681996092
0.9476363114461533,0.9476363114461533
0.047748940272548626,0.04774894027254861
0.4006382047367769,0.4006382047367767
0.019075670904834308,0.01907567090483432
0.12623653418289676,0.12623653418289674
0.3061651546493005,0.3061651546493004
0.8995149487408813,0.8995149487408813
0.9715494516017641,0.9715494516017639
0.7368946438146756,0.7368946438146755
0.78121319355478,0.7812131935547798
0.7784493071716145,0.7784493071716143
0.216667327088216,0.21666732708821593
0.31630292928053944,0.3163029292805394
0.28222241908565904,0.2822224190856589
0.595870048996639,0.5958700489966389
0.5052192268295236,0.5052192268295235
0.17579657571155316,0.17579657571155308
0.9242838267962034,0.9242838267962034
0.6234413525991154,0.6234413525991153
0.14913560032800166,0.1491356003280017
0.5083132243784865,0.5083132243784865
0.8361651354735478,0.8361651354735476
0.5440086199404995,0.5440086199404995
0.4323129533575875,0.43231295335758735
0.06654866668728181,0.0665486666872818
0.022643349133207424,0.02264334913320741
0.8991858134846582,0.8991858134846582
0.9854308127278778,0.9854308127278776
0.606391427506977,0.6063914275069769
0.3780051320143707,0.3780051320143706
0.13873272174803353,0.1387327217480335
0.24065375408072648,0.24065375408072645
0.30375848439755965,0.3037584843975596
0.1725838846552164,0.17258388465521637
0.8017786705626299,0.80177867056263
0.9673745299639122,0.9673745299639122
0.4444015737834565,0.44440157378345635
0.6780810190478181,0.678081019047818
0.38808363353564873,0.38808363353564856
0.6654786983046334,0.6654786983046334
0.32205715359710674,0.3220571535971066
0.05732242621658877,0.057322426216588784
0.7569563217550913,0.7569563217550912
0.5704465546819346,0.5704465546819346
0.4317575000727913,0.4317575000727911
0.7669917131516272,0.7669917131516271
0.14145782102866628,0.14145782102866625
0.24643418976874,0.2464341897687399
0.06186047942080715,0.061860479420807135
0.7183284200856933,0.7183284200856932
0.08329228060392461,0.08329228060392457
0.5955412602000922,0.5955412602000921
0.45294518136049505,0.452945181360495
0.962870747678373,0.9628707476783728
0.07554161716329018,0.07554161716329016
0.08827944614246026,0.08827944614246025
0.2745114153109329,0.2745114153109328
0.12406069652931288,0.12406069652931284
0.587365441550393,0.5873654415503928
0.27262284553906013,0.27262284553906
0.5467960066950865,0.5467960066950864
0.027083356682240475,0.02708335668224049
0.9859835485978573,0.9859835485978573
0.06407321913935228,0.0640732191393523
0.6920693646005045,0.6920693646005044
0.6512051299387583,0.6512051299387582
0.2407099810238716,0.24070998102387156
0.4760282024995465,0.47602820249954636
0.3682172299845409,0.36821722998454076
0.9532063661780267,0.9532063661780267
0.713388137936231,0.713388137936231
0.8569403895703096,0.8569403895703097
0.6509837059124407,0.6509837059124406
0.8289472084142332,0.8289472084142331
0.511982225691062,0.511982225691062
0.6799267609515692,0.6799267609515691
0.8295876906109676,0.8295876906109676
0.08950201348402646,0.08950201348402645
0.007398202667522252,0.0073982026675222246
0.8822605498266475,0.8822605498266473
0.46695621477886534,0.4669562147788652
0.6641212356912688,0.6641212356912687
0.8447636725584251,0.8447636725584249
0.9140288862027287,0.9140288862027285
0.6777990238737579,0.677799023873758
0.3926485609347075,0.39264856093470746
0.16239659312489108,0.16239659312489105
0.4649158426235794,0.4649158426235791
0.22472000061563013,0.22472000061563
0.15999664619531428,0.15999664619531426
0.9181188338742424,0.9181188338742422
0.17527910525920587,0.17527910525920573
0.41296233009341526,0.4129623300934152
0.3098146488074478,0.3098146488074477
0.44794000615490964,0.4479400061549096
0.5907530019006699,0.5907530019006698
0.7758195303333333,0.7758195303333333
0.3749327553985257,0.37493275539852544
0.15050794481398622,0.15050794481398624
0.31210814087285116,0.312108140872851
0.0975432805773377,0.09754328057733772
0.0006040363040991509,0.0006040363040991509
0.6151914236197081,0.615191423619708
0.3678856195577763,0.3678856195577761
0.24031843833321115,0.24031843833321107
0.6170503807671235,0.6170503807671234
0.4378234259976637,0.4378234259976638
0.05698165999011738,0.05698165999011737
0.024897165872352828,0.02489716587235284
0.29370925079960275,0.29370925079960275
0.6903208906782442,0.6903208906782441
0.8217567682828054,0.8217567682828052
0.803631827687168,0.8036318276871679
0.14984353205690765,0.14984353205690762
0.3277832051428351,0.327783205142835
0.8451646656845001,0.8451646656845
0.7474537535453079,0.7474537535453077
0.09670221806675826,0.09670221806675827
0.5447651012668124,0.5447651012668123
0.7497682457048821,0.7497682457048821
0.43839439259659635,0.4383943925965962
0.6193127080042437,0.6193127080042438
0.032681251530868385,0.03268125153086837
0.972953080364683,0.9729530803646828
0.9471381931775723,0.9471381931775719
0.8895260912089203,0.8895260912089202
0.4741684634490932,0.474168463449093
0.35342643265036633,0.3534264326503662
0.24042280720004822,0.2404228072000482
0.08720167718415957,0.08720167718415958
0.8998504542098521,0.8998504542098519
0.5469780266521181,0.546978026652118
0.9560175000523744,0.9560175000523742
0.7209220795308755,0.7209220795308754
0.1890342484078178,0.18903424840781777
0.10143202671317379,0.10143202671317372
0.5703357699748096,0.5703357699748096
0.30312932829213934,0.30312932829213923
0.8114020657441903,0.8114020657441903
0.020587620892550493,0.02058762089255048
0.9115144514319856,0.9115144514319852
0.367142334023295,0.3671423340232949
0.7943808348703575,0.7943808348703574
0.8176512755959225,0.8176512755959224
0.6318801276952922,0.6318801276952921
0.2944685049484949,0.29446850494849486
0.41766636909306115,0.417666369093061
0.4272017729457995,0.4272017729457993
0.41597597154429805,0.4159759715442979
0.12505464598964167,0.12505464598964164
0.27047841637976056,0.27047841637976044
0.4314738194133873,0.43147381941338714
0.6425437181173091,0.6425437181173091
0.8056377628468927,0.8056377628468926
0.7937799063372833,0.7937799063372831
0.6667894731885456,0.6667894731885455
0.859623920226757,0.8596239202267572
0.047927028293575605,0.04792702829357562
0.43225745010752853,0.43225745010752836
0.24710703086694996,0.24710703086694988
0.1869726209390502,0.18697262093905018
0.39210871010007364,0.39210871010007353
0.7597007511963979,0.7597007511963979
0.4719274969421409,0.47192749694214087
0.22711489057789253,0.2271148905778925
0.22932326028149919,0.22932326028149916
0.3931372885901864,0.39313728859018626
0.14184718920918787,0.14184718920918787
0.2811721307967069,0.2811721307967068
0.9013396010040651,0.901339601004065
0.8066074610094891,0.806607461009489
0.9980248214562654,0.9980248214562651
0.36898590535822723,0.36898590535822706
0.40909267725893167,0.4090926772589315
0.000930484961545408,0.0009304849615454219
0.1708755615963206,0.17087556159632059
0.4088190928709447,0.40881909287094453
0.5092283650867084,0.5092283650867083
0.0420545036363225,0.042054503636322516
0.5770674184039817,0.5770674184039816
0.7937498007403769,0.7937498007403767
0.762727662452901,0.762727662452901
0.29288853231420064,0.29288853231420053
0.5385554239918768,0.5385554239918768
0.536907493459168,0.5369074934591681
0.17143714584313013,0.1714371458431301
0.08196659063727087,0.08196659063727083
0.04653311536754502,0.04653311536754501
0.4307936987012771,0.43079369870127704
0.8585636083030017,0.8585636083030017
0.3823191806074728,0.3823191806074727
0.552544276432208,0.552544276432208
0.026090768647968943,0.026090768647968984
0.5227932402412512,0.5227932402412512
0.9907874488248595,0.9907874488248593
0.05293626651856605,0.05293626651856603
0.4023419676855744,0.4023419676855743
0.7441245751683018,0.7441245751683018
0.8270224851106648,0.8270224851106647
0.06778651371844459,0.06778651371844457
0.08302860738419675,0.08302860738419676
0.3236732320821289,0.32367323208212884
0.2728487142580289,0.2728487142580288
0.08164807651537208,0.08164807651537204
0.6461163279582784,0.6461163279582783
0.7396733947678509,0.7396733947678508
0.46281484868796546,0.4628148486879652
0.16213238423102327,0.16213238423102325
0.47263564331108626,0.4726356433110861
0.7994636744259281,0.799463674425928
0.0016776424597615136,0.0016776424597615414
0.1144222145109572,0.11442221451095719
0.09937916227638476,0.09937916227638471
0.6579839788090234,0.6579839788090235
0.5758564775892211,0.575856477589221
0.6893514180719317,0.6893514180719317
0.09837352126165512,0.0983735212616551
0.6629580552424503,0.6629580552424503
0.31429869771620517,0.314298697716205
0.22117631272389088,0.22117631272389085
0.9058737630359633,0.9058737630359631
0.7156198001545813,0.7156198001545812
0.22303030145068914,0.22303030145068906
0.06811574017867562,0.06811574017867561
0.04777016096279428,0.047770160962794295
0.3614493151225165,0.3614493151225163
0.3641620147917889,0.3641620147917888
0.09895561060388396,0.09895561060388391
0.2666036039206172,0.2666036039206171
0.10272624305477314,0.10272624305477313
0.9691452380222424,0.9691452380222422
0.5306427477914126,0.5306427477914125
0.08902358965005251,0.08902358965005247
0.4793305610541884,0.47933056105418825
0.2547347740352509,0.2547347740352508
0.21649619807496118,0.2164961980749611
0.30502413381439986,0.30502413381439974
0.16948797717757796,0.16948797717757788
0.23856872746390234,0.23856872746390226
0.510643811283013,0.510643811283013
0.826515583598069,0.8265155835980689
0.3775092580280226,0.3775092580280225
0.6571683020325667,0.6571683020325666
0.1542761866478115,0.1542761866478115
0.5116705882242328,0.5116705882242328
0.6263418610499816,0.6263418610499815
0.06767379148263956,0.06767379148263955
0.1163924787771574,0.11639247877715742
0.6326540622911517,0.6326540622911518
0.8663849611876022,0.8663849611876021
0.46037861349954995,0.4603786134995498
0.0706834229984996,0.07068342299849956
0.08611246266358714,0.08611246266358713
0.9243091439971137,0.9243091439971137
0.9934141842607974,0.9934141842607974
0.5751938246927338,0.5751938246927337
0.4334005324456897,0.43340053244568955
0.9440620235165321,0.9440620235165317
0.8617608588799103,0.8617608588799102
0.1375692023147081,0.1375692023147081
0.9432479697784589,0.9432479697784589
0.9202020949734603,0.9202020949734601
0.9797962520903006,0.9797962520903009
0.3738461762696066,0.3738461762696065
0.8997570124756784,0.8997570124756784
0.8610002331340554,0.8610002331340553
0.3268302079514309,0.3268302079514308
0.43773073041304006,0.43773073041304
0.26083285899805864,0.2608328589980585
0.6501451067898659,0.6501451067898658
0.12443970569885869,0.12443970569885865
0.5642250524545144,0.5642250524545143
0.15287990928715173,0.15287990928715173
0.7479507652002588,0.7479507652002587
0.5883065846264325,0.5883065846264324
0.2290003928563345,0.22900039285633447
0.4877340857457461,0.48773408574574595
0.7998527845175385,0.7998527845175382
0.17226067170057385,0.17226067170057377
0.24285152185057918,0.24285152185057915
0.49652047422298623,0.49652047422298606
0.23929145167779453,0.23929145167779445
0.8580390791765505,0.8580390791765503
0.14461769250909529,0.14461769250909526
0.6564758654734203,0.6564758654734203
0.9880622739872839,0.9880622739872836
0.7812093551234826,0.7812093551234824
0.3149881584482908,0.31498815844829064
0.4133475818927154,0.41334758189271525
0.20460343861386499,0.2046034386138649
0.003220193317419434,0.0032201933174194203
0.1746466436985007,0.1746466436985006
0.6057484911400733,0.6057484911400732
0.888834456473581,0.8888344564735807
0.4047893386339066,0.4047893386339064
0.9016295991465016,0.9016295991465015
0.4198644229092228,0.41986442290922266
0.059103976672291184,0.0591039766722912
0.06353558385261447,0.06353558385261443
0.14482279731162484,0.1448227973116248
0.8431811936243778,0.8431811936243777
0.9637814329957773,0.9637814329957771
0.25778303510951056,0.2577830351095105
0.967682989462651,0.967682989462651
0.4304886501427399,0.43048865014273974
0.36792586757539497,0.3679258675753948
0.05195532530329543,0.05195532530329544
0.062184422295412475,0.062184422295412434
0.6185195488832217,0.6185195488832217
0.821260277458821,0.821260277458821
0.3876072922316132,0.38760729223161294
0.8259862037319832,0.8259862037319831
0.5635624552916316,0.5635624552916316
0.696379290940626,0.6963792909406259
0.5318354033083417,0.5318354033083417
0.6510670034600496,0.6510670034600496
0.2481869133167492,0.24818691331674916
0.8562209858397001,0.8562209858397002
0.41088672347107597,0.4108867234710758
0.4541576177486268,0.4541576177486266
0.20201232842338934,0.20201232842338926
0.8362209446537316,0.8362209446537318
0.6376719083885904,0.6376719083885903
0.11844595666899473,0.11844595666899471
0.19069359615473458,0.1906935961547345
0.37397790653879637,0.37397790653879626
0.46390009125504034,0.46390009125504017
0.06252587828468083,0.06252587828468081
0.4368568062083927,0.4368568062083925
0.9548829334494128,0.9548829334494126
0.2986603896496929,0.29866038964969277
0.07141806520978382,0.0714180652097838
0.5761765070467886,0.5761765070467886
0.28246430860530003,0.2824643086052999
0.6674200754129841,0.667420075412984
0.5465016207987147,0.5465016207987146
0.024879629080928722,0.02487962908092875
0.6169270057284317,0.6169270057284316
0.5189965682447898,0.5189965682447897
0.6542020730761021,0.6542020730761021
0.2332184044840689,0.23321840448406875
0.6158604214511679,0.6158604214511678
0.05827713922995979,0.05827713922995981
0.7640446348699362,0.7640446348699361
0.23729896276753,0.23729896276752996
0.9571148440939158,0.9571148440939158
0.8470626221923511,0.847062622192351
0.38266081873891133,0.3826608187389112
0.5951251860363761,0.595125186036376
0.1057107958040205,0.10571079580402046
0.8880992669024943,0.8880992669024939
0.11911585589744257,0.11911585589744253
0.8428106987753824,0.8428106987753824
0.2961219416559039,0.2961219416559038
0.7166518702697846,0.7166518702697847
0.15514747230646553,0.15514747230646544
0.038947898522859806,0.03894789852285982
0.9611016814717267,0.9611016814717265
0.8386667420668888,0.8386667420668887
0.8782464106535512,0.8782464106535512
0.9067167645566326,0.9067167645566326
0.47248986122282505,0.472489861222825
0.08885636054155162,0.08885636054155158
0.7132440501856097,0.7132440501856098
0.3991232285026068,0.39912322850260673
0.5602716510172128,0.5602716510172128
0.05448087193304406,0.054480871933044045
0.012472959738495742,0.012472959738495729
0.2499482786298911,0.24994827862989108
0.5745671900556651,0.5745671900556649
0.11502702084719103,0.11502702084719099
0.4365266383255681,0.43652663832556804
0.6513963870872004,0.6513963870872003
0.5546567794928324,0.5546567794928323
0.19686778160624507,0.19686778160624505
0.5428069554500689,0.5428069554500686
0.052849912892842285,0.05284991289284227
0.01828729124817624,0.018287291248176227
0.006312333099338499,0.006312333099338499
0.16968375931277146,0.16968375931277144
0.5669995993016912,0.5669995993016911
0.674411620626211,0.6744116206262109
0.07690832955862241,0.0769083295586224
0.6805278008119211,0.6805278008119212
0.1752392479809623,0.17523924798096227
0.45351830653210173,0.45351830653210146
0.5115421930922831,0.5115421930922831
0.64377372824001,0.64377372824001
0.5520128356190871,0.5520128356190869
0.3706408654488901,0.37064086544888997
0.39973384104049126,0.39973384104049114
0.6691128821363509,0.6691128821363509
0.5660397985694183,0.5660397985694184
0.5062027038416111,0.506202703841611
0.7547862411907212,0.7547862411907214
0.5552570840409771,0.5552570840409768
0.30241562943418965,0.30241562943418954
0.20149758949523,0.20149758949522992
0.37972291226481664,0.3797229122648167
0.058169765772423124,0.05816976577242311
0.3013146730184916,0.30131467301849146
0.7458143675455678,0.7458143675455677
0.6278293552055434,0.6278293552055434
0.9729309837867354,0.9729309837867351
0.7696274838114294,0.7696274838114294
0.8413824111910824,0.8413824111910823
0.5503393931150737,0.5503393931150737
0.4416281997730585,0.44162819977305834
0.9632409089851864,0.9632409089851864
0.5121455447104224,0.5121455447104225
0.7096182590910026,0.7096182590910026
0.15692752994831966,0.15692752994831963
0.8880372072864942,0.8880372072864939
0.42779809009877173,0.42779809009877157
0.9690196533879044,0.9690196533879042
0.8098016773288923,0.8098016773288921
0.02709180001906994,0.027091800019069925
0.0868415892338681,0.08684158923386812
0.22567094014199252,0.2256709401419925
0.24571222065513004,0.24571222065512996
0.3543414359477838,0.35434143594778356
0.2529370364451521,0.252937036445152
0.21034301985951082,0.21034301985951073
0.9093793890891805,0.9093793890891803
0.4718950607994275,0.47189506079942745
0.12429896320748747,0.12429896320748743
0.12183378081950695,0.12183378081950688
0.659773360881388,0.659773360881388
0.4113975785119382,0.41139757851193803
0.6109446486230086,0.6109446486230086
0.309499221467948,0.30949922146794784
0.36285077389622256,0.36285077389622233
0.4083061739527302,0.40830617395273006
0.35324775600121483,0.35324775600121483
0.636884469829675,0.6368844698296748
0.07837550503950426,0.07837550503950425
0.7245754221843332,0.7245754221843331
0.3298940456403673,0.3298940456403672
0.917392373189826,0.917392373189826
0.19931220977010633,0.19931220977010625
0.9512031598014855,0.9512031598014853
0.8784727789640604,0.8784727789640602
0.2783437512513558,0.2783437512513558
0.04588120375853243,0.04588120375853244
0.7874337269626118,0.7874337269626116
0.8742555643755086,0.8742555643755083
0.49170711916094917,0.4917071191609489
0.9998518106545956,0.9998518106545952
0.2106152877169677,0.2106152877169676
0.20665721473453974,0.20665721473453977
0.24936026858249816,0.24936026858249813
0.6889306668323816,0.6889306668323815
0.3379119464381651,0.337911946438165
0.6378466865613993,0.6378466865613992
0.46846475750277244,0.4684647575027723
0.9716885382045847,0.9716885382045845
0.27726123565504596,0.2772612356550458
0.005902901260428223,0.005902901260428237
0.2132194164836962,0.21321941648369616
0.06462464104593464,0.06462464104593463
0.2677693507224583,0.2677693507224582
0.20293957080180342,0.20293957080180333
0.2853209535318439,0.28532095353184384
0.0372894524292459,0.03728945242924592
0.31137106769347445,0.31137106769347433
0.1786486808721251,0.17864868087212502
0.5462400230782466,0.5462400230782465
0.1226511818807786,0.12265118188077859
0.7682190199994071,0.768219019999407
0.0898950162100945,0.08989501621009446
0.8391451512056539,0.8391451512056538
0.7890477208305569,0.7890477208305567
0.11699824740369373,0.11699824740369369
0.7866630310093868,0.7866630310093867
0.5790912753998687,0.5790912753998687
0.2887390106158373,0.2887390106158372
0.3910714359088867,0.3910714359088867
0.5815991942658523,0.5815991942658524
0.7920302518244344,0.7920302518244342
0.25134164683392035,0.25134164683392035
0.337918111468224,0.3379181114682238
0.05817127456544734,0.05817127456544735
0.5952742649132235,0.5952742649132235
0.6329917144765549,0.632991714476555
0.8380932712502133,0.8380932712502132
0.5813255708500914,0.5813255708500913
0.3189031650164965,0.3189031650164964
0.12228507764753403,0.12228507764753396
0.627597805614214,0.6275978056142137
0.4181063938192356,0.4181063938192354
0.015576421977541194,0.01557642197754118
0.9474666232941634,0.9474666232941632
0.4135744317066898,0.4135744317066896
0.5954078658117881,0.5954078658117881
0.8350774070048891,0.8350774070048891
0.9647524584411783,0.9647524584411781
0.47052155424559444,0.47052155424559416
0.5735476148118857,0.5735476148118857
0.9226045037124692,0.9226045037124689
0.9252573694692924,0.9252573694692924
0.14514154982114552,0.1451415498211455
0.80547291961555,0.8054729196155499
0.06123933376021641,0.0612393337602164
0.6937059315779602,0.6937059315779602
0.12035841002557089,0.12035841002557085
0.04613365725159714,0.04613365725159713
0.4860831735994053,0.4860831735994051
0.45142331730283086,0.4514233173028307
0.8858765005557676,0.8858765005557677
0.47795579407662864,0.47795579407662847
0.2042690289067723,0.2042690289067722
0.5125193954575612,0.5125193954575612
0.652109855403662,0.6521098554036618
0.49025510987377235,0.4902551098737723
0.009622263783275561,0.00962226378327559
0.05130339838767868,0.05130339838767867
0.6189038815150932,0.6189038815150931
0.7219860142823682,0.7219860142823681
0.6161431343785362,0.6161431343785361
0.6309902088557433,0.6309902088557433
0.2668445177211721,0.2668445177211721
0.3898878850025726,0.38988788500257254
0.44670530527921265,0.4467053052792126
0.16469730903926472,0.16469730903926458
0.14162306219649118,0.1416230621964911
0.16482914305245622,0.1648291430524562
0.15645883833347846,0.15645883833347843
0.45460655089109286,0.4546065508910927
0.870899820493229,0.8708998204932289
0.9849620160230462,0.9849620160230462
0.7821002135426698,0.7821002135426697
0.24373062732786738,0.24373062732786724
0.11499045449455099,0.11499045449455095
0.3335815472608538,0.33358154726085365
0.4199090065950341,0.41990900659503383
0.9495745881873384,0.9495745881873386
0.6299709931403972,0.6299709931403971
0.20181420260932054,0.2018142026093205
0.35807102684473213,0.35807102684473213
0.9325331935357087,0.9325331935357085
0.0857725956221748,0.08577259562217479
0.7825420681261929,0.7825420681261929
0.15711866743945407,0.157118667439454
0.8751112743089815,0.8751112743089814
0.8922991376229379,0.8922991376229377
0.5260288612705744,0.5260288612705744
0.1196344755138327,0.11963447551383269
0.320284617682626,0.32028461768262595
0.8628268283355729,0.8628268283355726
0.6281404215503317,0.6281404215503316
0.029374390083533028,0.029374390083533042
0.65502116960318,0.6550211696031799
0.46207916150023326,0.4620791615002331
0.37234187604435914,0.3723418760443591
0.04202258468985408,0.042022584689854064
0.322918000454867,0.32291800045486685
0.737797816373421,0.7377978163734209
0.9097899800806594,0.9097899800806594
0.7339652580791415,0.7339652580791413
0.9490859652726876,0.9490859652726876
0.1374713255758564,0.1374713255758563
0.5325444826363254,0.5325444826363254
0.6409038446318661,0.640903844631866
0.4505841610163959,0.45058416101639576
0.281418681933503,0.28141868193350283
0.7131610489017756,0.7131610489017756
0.7284117828586858,0.7284117828586857
0.43069743087866436,0.4306974308786643
0.671897405021295,0.671897405021295
0.4351794159559375,0.43517941595593734
0.9117105563506392,0.911710556350639
0.899091761173919,0.899091761173919
0.8623854204882409,0.8623854204882407
0.20143881126547497,0.2014388112654749
0.16446574734445946,0.16446574734445948
0.39531341429951555,0.3953134142995155
0.2383929457551544,0.23839294575515432
0.28052534575171495,0.28052534575171484
0.4661795902002071,0.46617959020020683
0.732547898215149,0.7325478982151488
0.09767353169322997,0.09767353169322998
0.42820875664001384,0.4282087566400137
0.05379161934367181,0.05379161934367177
0.805570932865646,0.8055709328656457
0.47074659161712734,0.47074659161712706
0.25304934924118583,0.2530493492411857
0.5112707961750627,0.5112707961750627
0.7425942887879591,0.7425942887879592
0.4851870556021917,0.48518705560219166
0.30932267424417553,0.3093226742441755
0.2730355999665717,0.27303559996657156
0.9350375026789309,0.9350375026789309
0.35139846723867435,0.3513984672386744
0.6711752700527508,0.6711752700527508
0.3784171343808742,0.3784171343808742
0.9670034890868667,0.9670034890868665
0.3848244525209912,0.38482445252099107
0.4009986380062061,0.40099863800620594
0.23291347380538718,0.23291347380538716
0.4130534308198262,0.41305343081982604
0.40711616623041874,0.4071161662304187
0.07701368567313811,0.0770136856731381
0.770100207265465,0.7701002072654649
0.13849696250196486,0.1384969625019648
0.9080140540303187,0.9080140540303187
0.23798620027552647,0.23798620027552644
0.841879947160796,0.8418799471607958
0.24991615149778962,0.24991615149778953
0.7691879042212194,0.7691879042212193
0.2584562068007132,0.25845620680071313
0.7362701540045314,0.7362701540045313
0.8439188631269142,0.8439188631269141
0.07534657905312607,0.07534657905312606
0.8824512255833418,0.8824512255833417
0.5619037782343977,0.5619037782343979
0.27684843010018323,0.2768484301001831
0.7371991212122352,0.7371991212122351
0.27990064523935765,0.27990064523935765
0.07998532385597427,0.0799853238559742
0.496751632624347,0.49675163262434685
0.24206454138030503,0.242064541380305
0.4562261690863287,0.4562261690863285
0.0032125178813329908,0.0032125178813330046
0.40669726838121406,0.4066972683812139
0.3067403770719912,0.3067403770719911
0.5286219464246226,0.5286219464246226
0.4738510984768802,0.4738510984768799
0.9607510884516054,0.9607510884516052
0.4264309400739316,0.42643094007393156
0.19090483856771479,0.19090483856771476
0.6799101495645271,0.679910149564527
0.8483025879570761,0.8483025879570758
0.28777152244274984,0.2877715224427497
0.032960959346489224,0.03296095934648921
0.4182257952956124,0.4182257952956122
0.787665323991932,0.787665323991932
0.7386215560665815,0.7386215560665815
0.7588068988908859,0.7588068988908858
0.3130508977635665,0.3130508977635663
0.2614619060593109,0.26146190605931086
0.061371203299460456,0.06137120329946047
0.1943062954707072,0.19430629547070713
0.9510727782896776,0.9510727782896776
0.5829234233596081,0.582923423359608
0.01605320591125596,0.016053205911255974
0.644482791666978,0.6444827916669779
0.4326015062990825,0.43260150629908234
0.10316460536532975,0.1031646053653297
0.7787416581918498,0.7787416581918498
0.9457376277127073,0.9457376277127071
0.8113511338318369,0.8113511338318367
0.8301037810621322,0.8301037810621322
0.5174497649723799,0.5174497649723798
0.36920662722502184,0.36920662722502173
0.42069005587958647,0.4206900558795864
0.16613847847368884,0.1661384784736887
0.05703863291186438,0.05703863291186437
0.2716489558957938,0.27164895589579363
0.8987453471573777,0.8987453471573779
0.7301563391724614,0.7301563391724614
0.7074296904522824,0.7074296904522823
0.8601982737038452,0.860198273703845
0.305997172200529,0.3059971722005289
0.7338601625103504,0.7338601625103504
0.42736668344547785,0.4273666834454778
0.3396904777103468,0.33969047771034677
0.5172679382298713,0.5172679382298713
0.7497802067485727,0.7497802067485726
0.7331841174384625,0.7331841174384623
0.1873327527734217,0.18733275277342162
0.42421753474642593,0.42421753474642576
0.8316531155136873,0.8316531155136871
0.7738972289173979,0.7738972289173979
0.33119276684444604,0.331192766844446
0.12005238391338342,0.12005238391338338
0.3620144988382773,0.3620144988382773
0.7377099342501514,0.7377099342501513
0.2051444081434512,0.20514440814345128
0.856748637803677,0.8567486378036769
0.1923729040718018,0.19237290407180171
0.8745551312665276,0.8745551312665277
0.3923480563299796,0.3923480563299795
0.7636996371949228,0.7636996371949227
0.9625983654308411,0.9625983654308409
0.5026350082368317,0.5026350082368315
0.5676258494934086,0.5676258494934086
0.27322440265812004,0.27322440265812
0.5140613896863736,0.5140613896863735
0.9667547679499039,0.9667547679499041
0.8401694794778852,0.8401694794778851
0.6116986317435957,0.6116986317435958
0.667887667294005,0.667887667294005
0.08974209229141776,0.08974209229141775
0.6239575785551563,0.6239575785551562
0.6672703098383073,0.6672703098383072
0.6015168901357159,0.6015168901357159
0.85403123484531,0.8540312348453102
0.8682555779380211,0.868255577938021
0.8346992409146707,0.8346992409146706
0.5260802196308743,0.5260802196308741
0.531293587024766,0.531293587024766
0.42260579165900786,0.4226057916590076
0.22189079676561246,0.22189079676561238
0.1170069220319321,0.11700692203193205
0.08150842435311902,0.081508424353119
0.6282764150636263,0.6282764150636262
0.15237860598125935,0.15237860598125932
0.6047047878856143,0.6047047878856141
0.18543187836551261,0.18543187836551253
0.44283019665326934,0.44283019665326917
0.24327143382709365,0.24327143382709357
0.9722837446178311,0.9722837446178308
0.8414915180796327,0.8414915180796325
0.2111544785842323,0.21115447858423228
0.6101579397697073,0.6101579397697072
0.11779821443414983,0.11779821443414981
0.9420438468024371,0.9420438468024369
0.4742147745468514,0.47421477454685135
0.41035465803481125,0.4103546580348111
0.683090063972552,0.6830900639725519
0.9816012797413546,0.9816012797413544
0.5951633492258713,0.5951633492258714
0.004774510527046402,0.004774510527046388
0.6788870138428056,0.6788870138428055
0.09226305496269256,0.09226305496269252
0.3686100298566181,0.36861002985661795
0.9930255199429466,0.9930255199429464
0.18568443865729278,0.1856844386572927
0.6890811756878307,0.6890811756878306
0.1428813653240203,0.14288136532402024
0.5891854113862552,0.589185411386255
0.5153271435355096,0.5153271435355095
0.2199737289147426,0.21997372891474257
0.8012833716280319,0.8012833716280319
0.7024138052019209,0.7024138052019208
0.026626601983412837,0.026626601983412865
0.7011330661295141,0.701133066129514
0.6453248252565104,0.6453248252565102
0.5362263128839104,0.5362263128839104
0.790752740744206,0.7907527407442058
0.3204267751182245,0.3204267751182245
0.15999223136394897,0.15999223136394888
0.7284863982825818,0.7284863982825818
0.3189742542370883,0.31897425423708825
0.5408138849138945,0.5408138849138945
0.07914750993597187,0.07914750993597192
0.31759805886768905,0.317598058867689
0.9467428533703347,0.9467428533703345
0.5228280116024033,0.5228280116024032
0.2765325282415745,0.2765325282415745
0.026598273296800645,0.026598273296800673
0.41803364287211336,0.4180336428721132
0.09218645577589603,0.09218645577589601
0.5964792996946019,0.5964792996946018
0.14374422681544363,0.1437442268154436
0.7335691797796986,0.7335691797796986
0.7129287687827371,0.712928768782737
0.3681537998332911,0.3681537998332909
0.9329043385335619,0.9329043385335617
0.3415229852350124,0.34152298523501234
0.522235899856416,0.5222358998564159
0.5778965557117964,0.5778965557117964
0.20258807895154962,0.20258807895154948
0.511831854723821,0.5118318547238209
0.8698817674635341,0.8698817674635337
0.9736918137631222,0.9736918137631222
0.012055304050143004,0.012055304050143004
0.3267833160831147,0.3267833160831146
0.2970253044657867,0.29702530446578657
0.1951165181183322,0.1951165181183321
0.21850492345513378,0.21850492345513375
0.7000940885712619,0.7000940885712617
0.3280431760035352,0.32804317600353505
0.24285182967924906,0.24285182967924898
0.7436839502937981,0.7436839502937981
0.9028857770403722,0.902885777040372
0.4872523902303913,0.48725239023039124
0.3278683222331362,0.3278683222331361
0.8355108749191351,0.835510874919135
0.5181769368715057,0.5181769368715055
0.0,0.0
0.3936033366902101,0.39360333669020986
0.7282560706099958,0.7282560706099958
0.004177156015653938,0.0041771560156539655
0.5893780396102068,0.5893780396102066
0.0752479422774625,0.07524794227746245
0.9455889308364495,0.9455889308364495
0.906069230769951,0.9060692307699508
0.8808160177240625,0.8808160177240625
0.21889954428423442,0.21889954428423422
0.5075479892795537,0.5075479892795537
0.44047855240067607,0.4404785524006759
0.46377609623609434,0.46377609623609417
0.9805305630443669,0.9805305630443669
0.7209928817893668,0.7209928817893667
0.649133299180589,0.6491332991805889
0.2888576349758866,0.28885763497588657
0.24443919711546702,0.24443919711546688
0.03526574741229939,0.035265747412299375
0.4668309058579628,0.4668309058579626
0.24560114109672937,0.2456011410967293
0.4223053680907924,0.42230536809079233
0.900657593273138,0.9006575932731377
0.6397608946851651,0.639760894685165
0.15673030183370368,0.15673030183370365
0.5548476703648126,0.5548476703648126
0.9190934765551343,0.9190934765551341
0.7191608935514454,0.7191608935514453
0.5588424877810146,0.5588424877810146
0.1911587394358384,0.19115873943583836
0.1236756838616611,0.12367568386166106
0.8113514750631325,0.8113514750631324
0.6253684468423889,0.625368446842389
0.3425076660304347,0.3425076660304347
0.9339471734663648,0.9339471734663646
0.0583604429318,0.05836044293179998
0.872177259788096,0.8721772597880959
0.0527435948468153,0.05274359484681529
0.1053818723011891,0.10538187230118903
0.4397634764806729,0.4397634764806728
0.11354693244005014,0.11354693244005007
0.2762939555796253,0.2762939555796252
0.7346295668169625,0.7346295668169623
0.48031321747129146,0.4803132174712913
0.3306197709031529,0.33061977090315287
0.12458576461080399,0.12458576461080398
0.013596033094831456,0.013596033094831456
0.579640732006078,0.579640732006078
0.3418851406495318,0.3418851406495317
0.9263646300862921,0.9263646300862919
0.415968385015497,0.41596838501549693
0.5526336383495661,0.552633638349566
0.9416909387219224,0.941690938721922
0.9459346913061376,0.9459346913061376
0.5151985234301177,0.5151985234301176
0.9071204493351789,0.9071204493351787
0.9021237020784579,0.9021237020784577
0.42241206530652936,0.4224120653065292
0.8234126363019705,0.8234126363019705
0.36199570314845875,0.36199570314845864
0.873605979144528,0.8736059791445279
0.7251155422123832,0.7251155422123831
0.03615579154793401,0.036155791547933996
0.16821639686659423,0.1682163968665942
0.9016344385947953,0.9016344385947953
0.3663701092347145,0.36637010923471436
0.6692859735857921,0.669285973585792
0.7431170897517394,0.7431170897517394
0.23125648771456347,0.2312564877145634
0.8173803621587796,0.8173803621587796
0.3021735559253236,0.30217355592532347
0.14635544367935127,0.14635544367935124
0.6171331200916513,0.6171331200916512
0.6418660005879546,0.6418660005879547
0.2628041922239903,0.2628041922239902
0.1655207699026694,0.16552076990266937
0.12246376534163612,0.12246376534163605
0.7056198231113553,0.7056198231113551
0.00507785263171634,0.005077852631716354
0.8481216347629442,0.8481216347629441
0.9563097682521843,0.9563097682521843
0.8570703789377859,0.8570703789377858
0.25005675821837914,0.250056758218379
0.9837506939757229,0.9837506939757225
0.9693491137175151,0.9693491137175151
0.17689828740739177,0.17689828740739175
0.6546823855067828,0.6546823855067829
0.8097948171710082,0.8097948171710081
0.11770632142302716,0.11770632142302712
0.1770260407703998,0.17702604077039977
0.14960357345980824,0.14960357345980818
0.13071122558188658,0.1307112255818865
0.17435051458299178,0.17435051458299175
0.314924071941717,0.3149240719417169
0.3301900555842738,0.33019005558427383
0.8507626764239088,0.8507626764239086
0.6144486939749119,0.6144486939749119
0.9578259124044161,0.9578259124044158
0.6594654465134775,0.6594654465134774
0.28699600701579125,0.2869960070157912
0.35878513159461256,0.35878513159461245
0.7672141640716961,0.7672141640716963
0.6960487565099869,0.6960487565099868
0.35726654435098165,0.3572665443509815
0.19557806453533794,0.1955780645353379
0.10266234279710472,0.10266234279710468
0.5149355478662686,0.5149355478662686
0.6702703210365907,0.6702703210365907
0.16265210975211525,0.16265210975211516
0.5366159490339399,0.5366159490339399
0.6295101833140814,0.6295101833140813
0.5160915812062794,0.5160915812062794
0.6331767746199343,0.6331767746199342
0.11558707605164574,0.11558707605164573
0.9720911351671458,0.9720911351671456
0.9259655135225292,0.925965513522529
0.003977401025499427,0.003977401025499441
0.19631091301543796,0.19631091301543788
0.10922534985023129,0.10922534985023125
0.15988052730081348,0.1598805273008134
0.5818425484857835,0.5818425484857835
0.5051373056384364,0.5051373056384363
0.6832180735821879,0.6832180735821879
0.3616667283842125,0.36166672838421243
0.7200645881006446,0.7200645881006444
0.6962873679744925,0.6962873679744925
0.4378889043807139,0.4378889043807136
0.5973909275025184,0.5973909275025183
0.11876528894292533,0.11876528894292532
0.7543909390862592,0.7543909390862591
0.04842260275324474,0.04842260275324475
0.5572895806638869,0.5572895806638868
0.06609432896408111,0.0660943289640811
0.08954289063856467,0.08954289063856469
0.20307404323999506,0.20307404323999498
0.8840604617533517,0.8840604617533517
0.1344400839855205,0.1344400839855205
0.33512847452202793,0.3351284745220279
0.5707044222842409,0.5707044222842408
0.3997881563339838,0.3997881563339839
0.4208699684581822,0.42086996845818214
0.6406840194141111,0.6406840194141111
0.3177938597283022,0.3177938597283021
0.7374102079302053,0.7374102079302051
0.21767121307932008,0.2176712130793201
0.6731240039772864,0.6731240039772863
0.21712799110394848,0.2171279911039484
0.0692073946133513,0.06920739461335129
0.7549737420462648,0.7549737420462647
0.9677005126532702,0.9677005126532704
0.5806860036051655,0.5806860036051655
0.2775355691916978,0.27753556919169764
0.13764077892863885,0.13764077892863877
0.9512871044482009,0.9512871044482006
0.3649991212699771,0.3649991212699769
0.8511971899630951,0.8511971899630951
0.4774785203868734,0.47747852038687333
0.21982677116823102,0.21982677116823093
0.13981238675073587,0.13981238675073585
0.9763579256195959,0.9763579256195959
0.36253488119805455,0.3625348811980543
0.5812739005597877,0.5812739005597876
0.17318242444514792,0.17318242444514784
0.7748098540347512,0.7748098540347512
0.14921378736507224,0.1492137873650722
0.3306141989169055,0.33061419891690547
0.5220914963041582,0.5220914963041582
0.9838441020937437,0.9838441020937437
0.8585211709038378,0.8585211709038376
0.7306919502643142,0.7306919502643141
0.3096905959474514,0.3096905959474514
0.008110243203215059,0.008110243203215073
0.7957771234224585,0.7957771234224584
0.4075066622227938,0.40750666222279364
0.09427083439444721,0.0942708343944472
0.20888786790312674,0.20888786790312666
0.2315882000206811,0.231588200020681
0.5806126429985379,0.5806126429985378
0.4246503203977104,0.4246503203977102
0.34749505157809657,0.34749505157809646
0.8457158232700789,0.8457158232700787
0.6245878408572086,0.6245878408572085
0.4955785150787558,0.4955785150787557
0.719739279552292,0.7197392795522919
0.14706612833590094,0.1470661283359009
0.09454808273795516,0.09454808273795515
0.2979731749193603,0.29797317491936026
0.5766796097254281,0.576679609725428
0.2842758387405529,0.28427583874055284
0.4966431333331262,0.49664313333312615
0.998933462523509,0.9989334625235088
0.838579126188278,0.8385791261882778
0.7227984811777066,0.7227984811777065
0.4027675830013687,0.4027675830013687
0.80286247744907,0.8028624774490699
0.8679860775000467,0.8679860775000467
0.4494106908653686,0.44941069086536856
0.18426529415122544,0.18426529415122542
0.5636861504386667,0.5636861504386665
0.8920306224170527,0.8920306224170526
0.901722498928321,0.9017224989283207
0.005585724755889254,0.00558572475588924
0.06960373753361025,0.06960373753361024
0.529981911722102,0.5299819117221017
0.03501649851878756,0.035016498518787575
0.9300553738523648,0.9300553738523648
0.5408268255450391,0.5408268255450391
0.9459896490341494,0.9459896490341492
0.8211578800444034,0.8211578800444034
0.9366649239330861,0.9366649239330859
0.9037538282630282,0.9037538282630277
0.5310251804399174,0.5310251804399174
0.6657595441495603,0.6657595441495602
0.34210594407420536,0.34210594407420525
0.08950485088330908,0.08950485088330906
0.996229530467689,0.9962295304676888
0.8646328522107858,0.8646328522107858
0.7430406481118174,0.7430406481118171
0.031880524206652036,0.03188052420665205
0.06432510219764874,0.06432510219764873
0.9118996932391134,0.9118996932391131
0.17562189740665696,0.17562189740665687
0.11984962993291791,0.1198496299329179
0.7267415775979904,0.7267415775979903
0.8185539921803072,0.8185539921803071
0.08509852614009471,0.0850985261400947
0.7563547632955724,0.7563547632955723
0.5313628463339933,0.5313628463339933
0.5466986837074359,0.5466986837074358
0.2674566359589583,0.2674566359589582
0.6132395497935133,0.6132395497935131
0.2330657365386427,0.23306573653864263
0.8157455828689428,0.8157455828689426
0.07361116368451974,0.07361116368451973
0.695386406728142,0.695386406728142
0.8250741985846111,0.8250741985846111
0.11828930964516,0.11828930964515999
0.6102618362854725,0.6102618362854725
0.8413169115745733,0.8413169115745733
0.27610239044561175,0.2761023904456117
0.12374970812380136,0.12374970812380129
0.5046524413217859,0.5046524413217858
0.790182711451993,0.7901827114519929
0.8261413910844886,0.8261413910844884
0.7450469217077161,0.745046921707716
0.1385425437861726,0.13854254378617253
0.4935503945408349,0.4935503945408346
0.2131738922904438,0.21317389229044378
0.9698364786493178,0.9698364786493178
0.4423668363583095,0.4423668363583093
0.9142692031263143,0.9142692031263143
0.8158708028270669,0.815870802827067
0.25414440897841645,0.2541444089784163
0.03521383653561454,0.03521383653561455
0.8861459270432394,0.8861459270432395
0.3242365435704606,0.3242365435704605
0.08891765440689643,0.08891765440689639
0.8166624162963225,0.8166624162963222
0.6483764248842402,0.6483764248842402
0.35096018463423095,0.35096018463423084
0.4441048073933183,0.44410480739331815
0.3051291930557902,0.3051291930557902
0.74105347066627,0.74105347066627
0.08594762608664792,0.08594762608664791
0.4521753920125143,0.452175392012514
0.30711667414692845,0.30711667414692834
0.9531322119758071,0.9531322119758069
0.11386647672133444,0.11386647672133443
0.2567434359528705,0.2567434359528704
0.3066995875372998,0.30669958753729976
0.6859290670074337,0.6859290670074336
0.6838910498903564,0.6838910498903564
0.7544422138186536,0.7544422138186535
0.7285327600264635,0.7285327600264634
0.5407560988667929,0.5407560988667927
0.03000723943123644,0.030007239431236454
0.6163009282683317,0.6163009282683316
0.13366356036959137,0.13366356036959134
0.7107308795489282,0.7107308795489282
0.4133905719603757,0.41339057196037565
0.7264854624761236,0.7264854624761234
0.5279967800497088,0.5279967800497088
0.8111544685505077,0.8111544685505075
0.10027941156286226,0.10027941156286224
0.748146062635165,0.7481460626351649
0.8359384435377526,0.8359384435377524
0.13115267776575956,0.1311526777657595
0.16814097577567927,0.16814097577567919
0.6861047130377,0.6861047130376998
0.7255398137211436,0.7255398137211436
0.8951527095074581,0.895152709507458
0.1889160776771689,0.18891607767716886
0.8948319492505272,0.894831949250527
0.3331016186824714,0.33310161868247135
0.02064681850316412,0.020646818503164133
0.9206257749364491,0.9206257749364489
0.959926917685323,0.9599269176853232
0.7089442216707377,0.7089442216707377
0.626262128334055,0.6262621283340549
0.5026223979851788,0.5026223979851787
0.13096916329857466,0.13096916329857464
0.3363930717610577,0.3363930717610576
0.5308528742315834,0.5308528742315834
0.14491349393751363,0.1449134939375136
0.34448935682035414,0.3444893568203541
0.4509875270694976,0.4509875270694974
0.48070657936450595,0.4807065793645058
0.22653115186186784,0.22653115186186776
0.043435932259148866,0.04343593225914885
0.9841816052356273,0.9841816052356273
0.10595485807036582,0.10595485807036578
0.40399789994417934,0.40399789994417923
0.6392292231562273,0.6392292231562274
0.15395879346589286,0.15395879346589278
0.9486453627218808,0.9486453627218808
0.9480067796292796,0.9480067796292796
0.46352550759613803,0.46352550759613786
0.39303879987885276,0.3930387998788527
0.9272841068522285,0.9272841068522283
0.5153646097042387,0.5153646097042386
0.6488603282318882,0.6488603282318881
0.21904101600582176,0.21904101600582168
0.3208317528429553,0.3208317528429552
0.3742562998754927,0.3742562998754926
0.2973103412610174,0.2973103412610172
0.332416270271047,0.3324162702710469
0.764691663701638,0.7646916637016379
0.5215920429116792,0.521592042911679
0.7829940525908359,0.7829940525908354
0.07967793227104127,0.07967793227104122
0.5493203027526794,0.5493203027526794
0.5090097952323442,0.5090097952323442
0.17470352137077189,0.17470352137077175
0.8187726240830896,0.8187726240830896
0.3513900182069681,0.3513900182069679
0.039387499348079905,0.03938749934807992
0.8784061945227151,0.8784061945227148
0.8282844235843183,0.8282844235843182
0.46202925894221675,0.4620292589422167
0.7947687696664256,0.7947687696664253
0.9322580886745065,0.9322580886745063
0.7616319516582329,0.7616319516582328
0.5229650780048016,0.5229650780048016
0.26399390124159783,0.2639939012415977
0.6510327441922422,0.6510327441922422
0.5332740318276687,0.5332740318276687
0.7293850973591149,0.7293850973591149
0.6965512684239175,0.6965512684239175
0.02489187384922499,0.024891873849225005
0.8975567000499152,0.897556700049915
0.30389431091882924,0.3038943109188291
0.6205398353576567,0.6205398353576564
0.1759565060625134,0.1759565060625133
0.047042417342854706,0.04704241734285472
0.061079999073519506,0.06107999907351949
0.4901312269056936,0.49013122690569344
0.8138337514948596,0.8138337514948595
0.5135749189210499,0.5135749189210499
0.7854504286854654,0.7854504286854653
0.7230530698985731,0.7230530698985731
0.9672901815201226,0.9672901815201224
0.6137155200485389,0.6137155200485388
0.9203060609536308,0.9203060609536305
0.9976053674066218,0.9976053674066218
0.7798895415716399,0.7798895415716398
0.7575424608787542,0.7575424608787539
0.9127880513150787,0.9127880513150787
0.6553804574804305,0.6553804574804306
0.9012145901900384,0.9012145901900382
0.8049117482719792,0.804911748271979
0.8701182905652748,0.8701182905652746
0.07778938694205369,0.07778938694205367
0.6462637804180993,0.6462637804180993
0.6599191185587218,0.6599191185587217
0.3257274366614468,0.32572743666144677
0.1835382298243387,0.18353822982433868
0.6851907185149334,0.6851907185149334
0.17426037398327515,0.17426037398327512
0.5067267666240829,0.506726766624083
0.6309995573087096,0.6309995573087096
0.9662092293003611,0.9662092293003611
0.38999223620145224,0.3899922362014522
0.7239110762388755,0.7239110762388754
0.5341077805909518,0.5341077805909517
0.17877939162594164,0.17877939162594156
0.8979259773002658,0.8979259773002658
0.7406231542941927,0.7406231542941926
0.32624994194925605,0.32624994194925605
0.9362336667663115,0.9362336667663115
0.9304574046585171,0.9304574046585169
0.5076310294095632,0.507631029409563
0.9814303334868802,0.98143033348688
0.17822047128162188,0.1782204712816218
0.11152531344573328,0.11152531344573324
0.8598979364289002,0.8598979364289
0.601827236044847,0.6018272360448469
0.28390690799625523,0.2839069079962552
0.8764811235499285,0.8764811235499284
0.5944519389780477,0.5944519389780477
0.34859683080634457,0.3485968308063445
0.9303903756550685,0.9303903756550683
0.9854779958197165,0.9854779958197163
0.34991877851934255,0.3499187785193424
0.7286149578164909,0.7286149578164908
0.16217245285168708,0.16217245285168705
0.0743926299058089,0.07439262990580889
0.8272502781200484,0.8272502781200481
0.22738096587281292,0.22738096587281278
0.839897625693947,0.8398976256939469
0.3920682462505559,0.39206824625055603
0.8243217617834989,0.8243217617834988
0.7962733955825342,0.7962733955825337
0.3609650194374545,0.3609650194374544
0.816811479850477,0.8168114798504768
0.29906456770372714,0.299064567703727
0.6804105761707264,0.6804105761707264
0.09966729553176197,0.09966729553176196
0.3445898335611081,0.34458983356110806
0.14561776234489437,0.14561776234489432
0.7840564203007522,0.7840564203007524
0.3997005197028842,0.3997005197028841
0.6913395852882724,0.6913395852882722
0.913144299513151,0.913144299513151
0.20416590193301154,0.2041659019330115
0.09666166290341617,0.09666166290341616
0.3461441456270586,0.34614414562705853
0.5909462483175565,0.5909462483175564
0.034720254466517705,0.03472025446651772
0.4797865785042537,0.47978657850425366
0.550424204340371,0.5504242043403708
0.1424498581119435,0.14244985811194352
0.9362225610757154,0.9362225610757154
0.8675216296230822,0.867521629623082
0.9086770143166608,0.9086770143166606
0.7294578394886514,0.7294578394886513
0.9851289000619682,0.9851289000619682
0.8466617997522046,0.8466617997522045
0.2038955930482954,0.20389559304829538
0.3157029071315003,0.3157029071315002
0.6456844752550918,0.6456844752550916
0.590595523570834,0.5905955235708339
0.0033356710275146695,0.0033356710275146695
0.5864321667045382,0.5864321667045381
0.07069423396052889,0.0706942339605289
0.20204835323151588,0.20204835323151585
0.42726419621289585,0.4272641962128958
0.5399886708742606,0.5399886708742606
0.0005440910774088259,0.0005440910774088398
0.6202620410381338,0.6202620410381338
0.3480111049824216,0.3480111049824215
0.9322806260302349,0.9322806260302346
0.23590649226934746,0.23590649226934737
0.06044010874833623,0.06044010874833622
0.9643719063142054,0.9643719063142052
0.7273175256659018,0.7273175256659017
0.029483979704924126,0.029483979704924113
0.58460772815326,0.58460772815326
0.9132955989640495,0.9132955989640493
0.2112735257412538,0.21127352574125377
0.6889144802620378,0.6889144802620378
0.9693335042064949,0.9693335042064944
0.020619890187507525,0.020619890187507525
0.952730268351966,0.9527302683519655
0.6535669816244416,0.6535669816244415
0.5388669555806387,0.5388669555806387
0.2251337002981187,0.22513370029811866
0.9027382690545883,0.9027382690545881
0.6239535547603045,0.6239535547603043
0.26521865469719247,0.2652186546971923
0.7612047547312033,0.7612047547312032
0.8251952748852026,0.8251952748852025
0.24165568046148833,0.2416556804614883
0.475976620902915,0.4759766209029148
0.5296621794339565,0.5296621794339565
0.7282856418195426,0.7282856418195425
0.5483475027161598,0.5483475027161597
0.20674962499331312,0.20674962499331304
0.5185666250305797,0.5185666250305797
0.0034292489696011175,0.0034292489696011036
0.17028093902077102,0.17028093902077093
0.47877085143986003,0.47877085143986
0.35830091171342393,0.3583009117134238
0.07462393769561972,0.07462393769561967
0.6226932528226431,0.622693252822643
0.06906323918686348,0.06906323918686347
0.05448618712140334,0.05448618712140332
0.9971721868384401,0.9971721868384399
0.12093541472802473,0.12093541472802469
0.7904954017671538,0.7904954017671538
0.7949529118357682,0.7949529118357683
0.4005847119192038,0.40058471191920375
0.47487276370327597,0.4748727637032757
0.2978678539772383,0.29786785397723814
0.7522852033797094,0.7522852033797093
0.8200102881538669,0.8200102881538666
0.7448594839727977,0.7448594839727974
0.20680956563498576,0.20680956563498568
0.6559407946689132,0.6559407946689133
0.7736854324307951,0.773685432430795
0.07292003014476355,0.07292003014476353
0.17988605684592657,0.17988605684592654
0.15485601733973603,0.15485601733973595
0.31358965788368115,0.3135896578836811
0.24319469184771658,0.2431946918477165
0.995055361317673,0.9950553613176728
0.06136024382171375,0.061360243821713734
0.6873903487563645,0.6873903487563644
0.06352018820622392,0.0635201882062239
0.5264684029888382,0.5264684029888382
0.37438859397107316,0.37438859397107305
0.7550620331752896,0.7550620331752893
0.04588123823056843,0.04588123823056839
0.4004451000296011,0.400445100029601
0.3766289840533742,0.3766289840533742
0.45235419198383836,0.4523541919838382
0.21862941399193064,0.2186294139919305
0.8531827219507748,0.8531827219507746
0.6217773808111124,0.6217773808111123
0.3214203974405371,0.32142039744053696
0.8607674401008646,0.8607674401008644
0.599351294571603,0.5993512945716031
0.7729765782461753,0.7729765782461753
0.9095912175285276,0.9095912175285273
0.43022306658426906,0.4302230665842689
0.7285929224266648,0.7285929224266648
0.6577038226287938,0.6577038226287937
0.5490785461821568,0.5490785461821569
0.027278166913852597,0.02727816691385261
0.7322834118074479,0.7322834118074479
0.8641118932030778,0.8641118932030777
0.8981706883748879,0.8981706883748879
0.03379156353101924,0.033791563531019225
0.9881817709483799,0.9881817709483799
0.9237995577599095,0.9237995577599093
0.8752663537241584,0.8752663537241584
0.7376171114189723,0.7376171114189723
0.2750239765802797,0.27502397658027966
0.1520057467359549,0.15200574673595482
0.14267011013071607,0.14267011013071607
0.529852913869395,0.5298529138693951
0.09072978581054407,0.090729785810544
0.030769325456182814,0.030769325456182828
0.8681414922080544,0.8681414922080544
0.8462095823828931,0.846209582382893
0.2249286545883104,0.22492865458831032
0.9707926003956123,0.9707926003956121
0.46104822741788726,0.4610482274178871
0.5292095099888601,0.52920950998886
0.15563431841202058,0.15563431841202055
0.2393537878394143,0.23935378783941422
0.9424641695920511,0.9424641695920511
0.31715511583819633,0.3171551158381962
0.020971772029329927,0.020971772029329913
0.9952072021721879,0.9952072021721879
0.8796076994138776,0.8796076994138775
0.31295093953354486,0.3129509395335447
0.6769606311522721,0.676960631152272
0.9371788386103218,0.9371788386103218
0.0864699447952433,0.08646994479524325
0.3037380941262975,0.3037380941262974
0.9843961348128359,0.9843961348128359
0.7254685719818842,0.7254685719818842
0.4065199887407697,0.40651998874076967
0.9030141304635829,0.9030141304635826
0.2767078328896375,0.2767078328896374
0.718679287905957,0.7186792879059569
0.7171316259066317,0.7171316259066316
0.08060643508315539,0.08060643508315535
0.06941882810536719,0.06941882810536715
0.053860422834519625,0.05386042283451958
0.39467338091583454,0.39467338091583437
0.9213128584119948,0.9213128584119946
1.0000000000000002,0.9999999999999999
0.4466312346173534,0.4466312346173532
0.759586317251592,0.7595863172515918
0.6809716658771725,0.6809716658771725
0.7173002327737988,0.7173002327737988
0.9259116517914842,0.9259116517914842
0.7441713347833788,0.7441713347833788
0.2851917702055861,0.28519177020558595
0.9551609108820732,0.955160910882073
0.05033103876340604,0.05033103876340603
0.12936146829922257,0.12936146829922254
0.8924169804405495,0.8924169804405494
0.5202366182185377,0.5202366182185378
0.761171359071445,0.7611713590714448
0.544610217642724,0.544610217642724
0.4218605220947976,0.4218605220947974
0.07664493676758001,0.07664493676758002
0.4663480527817237,0.46634805278172353
0.9826732567350297,0.9826732567350295
0.7191103437730867,0.7191103437730867
0.5671921735368699,0.5671921735368698
0.8246043610203829,0.8246043610203829
0.729502634968866,0.7295026349688659
0.01563917497784917,0.01563917497784917
0.49838529815704463,0.49838529815704447
0.7852579528166763,0.7852579528166763
0.43777892129971435,0.4377789212997142
0.14765834111877796,0.14765834111877793
0.6949314805507708,0.6949314805507708
0.1596916891953465,0.1596916891953464
0.001629645838784624,0.0016296458387846519
0.7616113253339608,0.7616113253339607
0.9227252315310529,0.9227252315310525
0.5506718271178781,0.5506718271178781
0.9341168719092386,0.9341168719092384
0.5550501272236104,0.5550501272236104
0.855697285978663,0.8556972859786628
0.929713934262337,0.9297139342623367
0.33079685277985493,0.3307968527798548
0.075326473333816,0.07532647333381598
0.8109368024058984,0.8109368024058984
0.15437777357212756,0.15437777357212754
0.45349893939564107,0.453498939395641
0.5561961918456233,0.5561961918456232
0.1718337919631454,0.17183379196314533
0.4778031764985356,0.47780317649853543
0.230273430067793,0.2302734300677929
0.9307853368348157,0.9307853368348155
0.6715428903707058,0.6715428903707057
0.6778853998958787,0.6778853998958786
0.8764874319269816,0.8764874319269814
0.06758601930896575,0.06758601930896574
0.3433201496401398,0.3433201496401397
0.3912161857381714,0.3912161857381713
0.2845493723494786,0.2845493723494784
0.16532088424012592,0.16532088424012584
0.36320530778895704,0.363205307788957
0.18977942994529,0.18977942994528998
0.7938348767974976,0.7938348767974975
0.26479152372057096,0.2647915237205708
0.4124628989584293,0.41246289895842914
0.1572897619374795,0.15728976193747943
0.9551426873960308,0.9551426873960308
0.48145804359958827,0.4814580435995881
0.8747158717211048,0.8747158717211044
0.2565402983736429,0.2565402983736428
0.15576439773773298,0.1557643977377329
0.636258184120705,0.636258184120705
0.33084566588632097,0.3308456658863208
0.1686269909432141,0.168626990943214
0.6220000570411216,0.6220000570411216
0.8875076833485908,0.8875076833485908
0.8450036487816706,0.8450036487816706
0.73165691188527,0.7316569118852699
0.44692517643098256,0.4469251764309825
0.529006243556469,0.5290062435564689
0.844685455576674,0.8446854555766736
0.03807788522585416,0.038077885225854174
0.9009854285710043,0.9009854285710043
0.016430937117074162,0.016430937117074162
0.667820371923779,0.6678203719237791
0.6689321829266668,0.6689321829266668
0.09527240939970101,0.09527240939970102
0.2455545090111707,0.24555450901117068
0.034247235195551604,0.03424723519555162
0.5852044741928509,0.5852044741928509
0.39702892898578596,0.3970289289857859
0.2631454530474389,0.26314545304743886
0.8820867181374281,0.8820867181374279
0.3435985897849371,0.34359858978493707
0.4653749585845008,0.4653749585845006
0.8883053377047919,0.8883053377047918
0.4681101966143541,0.46811019661435394
0.49079256636779506,0.4907925663677949
0.8464418497225481,0.8464418497225479
0.19109007019551816,0.19109007019551807
0.7383631483269726,0.7383631483269725
0.8815723449089443,0.8815723449089439
0.9297743499047543,0.929774349904754
0.620407924413518,0.6204079244135179
0.20444335768326427,0.2044433576832643
0.721605176756631,0.721605176756631
0.27882838640418794,0.27882838640418794
0.26764964743276176,0.26764964743276165
0.5495067699972838,0.5495067699972837
0.4695754891408324,0.46957548914083214
0.2932573858185933,0.2932573858185932
0.3951837580847327,0.3951837580847326
0.947994301622919,0.947994301622919
0.1897819688361318,0.18978196883613171
0.7696549862949255,0.7696549862949255
0.8004862383752578,0.8004862383752577
0.23743702112825282,0.23743702112825263
0.6781116153946001,0.6781116153946
0.6438337950648989,0.6438337950648988
0.007010600509651202,0.007010600509651216
0.3232343228000577,0.3232343228000576
0.921623920418737,0.9216239204187368
0.564955428719509,0.564955428719509
0.6646569448469904,0.6646569448469902
0.6774374341417296,0.6774374341417296
0.9051501860830261,0.9051501860830261
0.6406900349822728,0.6406900349822728
0.5542787545447778,0.5542787545447776
0.5080730480668888,0.5080730480668887
0.950742546205594,0.9507425462055937
0.4374184584578355,0.43741845845783534
0.8467829096845388,0.8467829096845388
0.780659474454829,0.7806594744548289
0.7365703079653653,0.7365703079653653
0.8678769484474885,0.8678769484474883
0.8196884080096932,0.8196884080096932
0.46767650055793714,0.46767650055793697
0.31093702766932385,0.31093702766932374
0.23400715483097445,0.23400715483097437
0.8072624810615661,0.807262481061566
0.42996113318171897,0.4299611331817188
0.9790670325219281,0.9790670325219281
0.6703736504483087,0.6703736504483085
0.045818794586727565,0.04581879458672755
0.7307510602578741,0.730751060257874
0.24278696481238915,0.24278696481238912
0.47001471593829264,0.4700147159382926
0.7142296246463514,0.7142296246463513
0.9524600782067293,0.9524600782067291
0.6321685175544204,0.6321685175544203
0.29837140845411925,0.29837140845411914
0.3954431695578034,0.39544316955780323
0.8986350911099701,0.8986350911099701
0.9597777940169813,0.959777794016981
0.13564933693081932,0.1356493369308193
0.38034200325791756,0.38034200325791745
0.9812542526026794,0.9812542526026792
0.06522271953185331,0.06522271953185332
0.2354337490664946,0.23543374906649453
0.9159790672580487,0.9159790672580485
0.44217353062107306,0.4421735306210729
0.12695449051279145,0.12695449051279142
0.3715997750942362,0.37159977509423603
0.32917467656378707,0.32917467656378696
0.6383841213628867,0.6383841213628865
0.7590869495450089,0.7590869495450087
0.6562976090043036,0.6562976090043035
0.7694963553182527,0.7694963553182528
0.6451922790772331,0.645192279077233
0.48932645608688957,0.4893264560868894
0.9854211120417405,0.9854211120417405
0.7092695572524694,0.7092695572524693
0.41285770394756244,0.41285770394756227
0.5694621754631422,0.569462175463142
0.8233385742296025,0.8233385742296025
0.9698587494204659,0.9698587494204657
0.5264169475436166,0.5264169475436165
0.17735509350568324,0.1773550935056832
0.7730869812052255,0.7730869812052252
0.8372037929262534,0.8372037929262531
0.3371134036025491,0.33711340360254904
0.46741962883519034,0.46741962883519017
0.12184117284887792,0.12184117284887791
0.5522075394839645,0.5522075394839645
0.11883512790674879,0.1188351279067488
0.4910228315643544,0.4910228315643542
0.3795687814533846,0.37956878145338446
0.20684943144970758,0.2068494314497075
0.4822383453219479,0.48223834532194776
0.3519100808615862,0.35191008086158604
0.31897003846418537,0.31897003846418526
0.5921560728637941,0.592156072863794
0.5692782798023815,0.5692782798023815
0.20867006024405582,0.20867006024405574
0.27984813620057375,0.2798481362005738
0.8785299791144949,0.8785299791144948
0.5644734925643301,0.5644734925643301
0.738414679677854,0.7384146796778539
0.6468704173070153,0.6468704173070153
0.8990868100321997,0.8990868100321997
0.4008676951209008,0.4008676951209006
0.6860681216087396,0.6860681216087396
0.8142753821089208,0.8142753821089208
0.4082325612071855,0.4082325612071853
0.015346626163923932,0.01534662616392396
0.6787784520306887,0.6787784520306887
0.7711185336687564,0.7711185336687564
0.22635337179488796,0.22635337179488788
0.6866015570268701,0.6866015570268699
0.853415580923567,0.853415580923567
0.18602768250865093,0.1860276825086508
0.4042527420886603,0.40425274208866013
0.773646055773627,0.7736460557736269
0.895830225599294,0.895830225599294
0.44344803354206536,0.4434480335420652
0.3561814648997836,0.3561814648997834
0.4145644865416975,0.4145644865416974
0.11723614003121728,0.11723614003121724
0.7079452610990412,0.7079452610990412
0.7250587847169481,0.725058784716948
0.15883831092201822,0.15883831092201814
0.14822461636616313,0.14822461636616316
0.45864585877552405,0.458645858775524
0.29414389321752826,0.2941438932175282
0.7163627055065668,0.7163627055065666
0.9447667905054468,0.9447667905054468
0.26218642658437313,0.2621864265843731
0.3119517147514665,0.31195171475146644
0.30388530338884884,0.3038853033888488
0.5857523166820453,0.5857523166820453
0.04428430135643559,0.0442843013564356
0.2826165524578267,0.2826165524578267
0.2748075673858949,0.27480756738589485
0.3003242810605543,0.3003242810605542
0.7318063606440635,0.7318063606440633
0.8810230962547082,0.8810230962547081
0.12605491678275965,0.12605491678275962
0.5908431603360024,0.5908431603360024
0.7330057138615635,0.7330057138615633
0.4692388320300795,0.46923883203007943
0.753068878520038,0.7530688785200379
0.6137681257796387,0.6137681257796387
0.6336125691771228,0.6336125691771228
0.7416765007512068,0.7416765007512067
0.5340286014136643,0.5340286014136642
0.6976533006364898,0.6976533006364898
0.7577498921041934,0.7577498921041933
0.8316826733388412,0.831682673338841
0.10142896740377767,0.1014289674037776
0.37672252944753115,0.37672252944753093
0.541733223529151,0.541733223529151
0.3992963491346632,0.39929634913466305
0.7927658133296749,0.7927658133296747
0.737289150714385,0.7372891507143849
0.6740594810770588,0.6740594810770588
0.9513631975129119,0.9513631975129119
0.30982351648561707,0.309823516485617
0.8111257257274814,0.8111257257274814
0.9956531260103906,0.9956531260103904
0.5940565012057919,0.5940565012057918
0.12076220700817229,0.12076220700817222
0.06557248022800934,0.06557248022800932
0.7429830678375762,0.742983067837576
0.41477709107952515,0.4147770910795249
0.4652631363752739,0.4652631363752737
0.9658682365191434,0.9658682365191434
0.6236251809023051,0.6236251809023051
0.564888924608231,0.564888924608231
0.5830006765671053,0.5830006765671053
0.09943625034667024,0.09943625034667022
0.5322680053216704,0.5322680053216704
0.054271464633475555,0.054271464633475514
0.6052397628226762,0.6052397628226761
0.011992229810739677,0.011992229810739663
0.05147402719055015,0.05147402719055014
0.35831876039463945,0.3583187603946394
0.18040391069888878,0.1804039106988887
0.014549093545424788,0.014549093545424774
0.8302486366980436,0.8302486366980435
0.5311536000098093,0.5311536000098092
0.4030076561841722,0.4030076561841721
0.5073761374649879,0.5073761374649879
0.47726622914747757,0.4772662291474775
0.4320759715348729,0.43207597153487265
0.7762642211874152,0.7762642211874151
0.9027651377642493,0.9027651377642489
0.9160109553004564,0.9160109553004562
0.6422723799228534,0.6422723799228532
0.7210636727841699,0.7210636727841699
0.8448649863847988,0.8448649863847986
0.8163611874309185,0.8163611874309181
0.7762482723080866,0.7762482723080865
0.042924371748374726,0.04292437174837474
0.028085477778523507,0.02808547777852352
0.591021451669478,0.591021451669478
0.24882059097755593,0.24882059097755585
0.101734959535538,0.10173495953553796
0.04914253255585428,0.049142532555854296
0.6498885716069591,0.6498885716069589
0.4391583707173589,0.43915837071735875
0.6553160425456737,0.6553160425456737
0.026522774793371603,0.026522774793371576
0.22367998710859832,0.22367998710859824
